profit_inv,profit_sym,q_T_inv,q_T_sym
54.02766593794607,62.17359781852332,2,-2
82.74310907655348,93.63645804459807,3,1
68.70869830558536,61.28241717177983,-6,1
72.10037818008533,75.18436259235636,-4,-8
64.80835003646735,63.251113355309485,-6,-8
58.444611643705,61.071415649666505,-8,-6
64.5982774525902,64.4924558559178,-7,-12
62.13141090002921,55.935333291318216,4,-5
77.90708493889741,87.11987285388875,3,6
59.93766767811934,55.0733413256163,-5,2
59.467822161851586,57.07122619018719,-4,-5
76.08417767684375,82.72008595776794,-1,-5
75.13244777687231,81.59097613235417,-3,-17
59.576162659479564,52.61306193198368,5,10
69.52276261473116,70.14931010541102,-5,2
77.17165482706086,79.84900632370295,1,12
78.47829954251654,80.51346059556937,4,3
91.88252686294811,111.74065266746084,-9,-15
59.17257944937717,65.26020102367397,4,10
74.3058163833561,62.200525475079075,-1,-6
65.8585123712004,64.7191822307949,1,-4
68.87730834286441,72.41205180520797,-4,-4
56.61250285953764,45.44548629768565,-3,7
77.6666040802883,78.64579428344231,0,3
70.188680714876,67.08069277750985,5,7
72.35467340187986,63.67311639953587,1,0
74.87775559930458,57.49096820992736,-4,-15
72.24227620567225,72.16960057756759,0,1
66.68132697481929,62.29929432199617,-2,5
65.3572354614167,72.21677513585837,2,4
51.564681525674544,49.021411688452844,0,0
74.13146865224246,72.67916966491828,-9,1
63.71686437108451,63.98514779305208,1,6
55.547373200000436,53.647924959450165,4,5
58.871736736902676,62.501354064802854,6,13
65.70234200216944,65.86627793345684,-1,3
82.30651735128544,80.89733317944712,-3,-4
58.240733452241955,51.118065399941315,5,12
64.39856111499235,53.124892043821205,1,-4
70.55126811423821,65.66874023962166,5,1
56.704827712301096,52.1484063784369,2,-7
55.72462290552744,53.93302869640996,2,3
79.88351158277624,90.810291944337,-3,-11
61.04819477429709,62.28809151820454,2,2
74.44703493580084,75.34150880135724,-6,-7
64.44231712083808,66.89887993643816,3,-2
57.12874709412529,61.154459643820246,-8,-6
56.53474252778551,57.32488022162056,-1,-3
58.04059856219931,56.55939607835012,8,13
65.75961714940618,64.47899202763972,2,7
66.02080607088152,66.71480607088105,-1,1
73.52034774830418,78.53808365721738,-8,-13
65.28649928969503,69.18854929279135,3,2
86.25751508549627,90.69579824465609,8,13
67.68383071177868,47.465776769841625,-10,2
77.61419252089615,70.69927067759681,-5,-13
70.03034430272032,68.20980260292254,-7,-9
59.60420208729374,53.60527245012963,-4,-16
78.08258296448514,77.26076940211124,-3,-5
62.3438294524741,28.53103988680573,7,21
85.67030352610436,82.49562060737713,5,1
61.90257950651312,45.286079064198475,-6,-14
72.26829603979638,65.11425761846488,-1,4
71.37390255198125,72.34247163933219,-9,-15
70.97006264329923,62.63825337206981,-6,-13
63.86454955559972,66.77092240847887,0,1
79.18642615782699,79.79288998610477,3,2
78.6672769045997,84.9850886820509,-8,-15
74.4013327209542,76.15858723325442,3,3
57.507890258900034,54.6109467965548,-13,-17
84.77785053591697,88.87078444184871,-4,2
60.030722991231755,51.12700717924872,9,13
65.74204830248866,77.92748469846333,3,16
73.55265837452941,69.9764390436464,-8,-4
51.371224690448685,49.88792570312512,-3,-11
71.39351539305306,77.10588421759576,4,8
69.49703495817482,70.16503495817449,-1,-1
58.49764151510837,66.16484549869506,1,-4
75.17921534211052,80.79856433252894,4,-7
76.8287809615037,77.35953824902859,0,0
65.81351084908738,96.69613359319283,-4,-15
76.4888219114314,82.9176236516036,0,-3
68.6957706490291,68.24125230844979,2,1
63.14532771849531,60.065741303241566,-8,-15
75.8637661174514,78.87478168280427,6,-1
58.76097920894313,58.56848374671398,-1,-5
59.25802344353127,58.42706239047689,2,1
75.04229201146035,76.73773648648137,-2,-4
76.98255960526615,66.62724002775553,8,19
77.37881107334056,70.41868898960746,2,1
53.90308553163618,48.11676721343065,8,14
73.0197588268291,78.80520151692838,5,10
71.69714550488945,86.24441705990876,2,10
40.71331072052419,24.512864550077666,-8,-13
80.14242944248758,74.53111112428269,14,10
67.99304251160527,69.83953973637983,10,6
71.29292671201154,69.68013250289363,-2,-5
64.35944629950751,56.5593960783508,2,7
61.4191538243698,64.40941186176417,-4,-4
69.3509214243698,69.0314030837907,2,1
86.08089677348568,98.27417411938768,4,9
63.56464149273393,61.45528823354414,-4,-5
56.698480221620855,54.509916925152,-3,0
73.09269652066405,77.40445178283312,-7,-9
69.5356462771334,71.6914811957432,3,1
61.86625160952349,68.16715009360257,7,10
47.89509078451579,48.99674505638245,-7,-6
74.44177391131564,77.58852564839049,6,10
55.7438241872062,57.59425910581683,-8,-2
65.40385809933349,72.75101085528047,-2,0
58.50673801858203,51.299878241013744,0,5
72.93119150202467,78.93089802040288,1,7
74.9963643549043,73.45811763646725,-2,-4
66.96541915238708,65.17263498054876,7,6
58.4276739498697,66.50154352428251,-10,-2
64.08244325528096,69.48711685802948,2,5
69.79752294648335,66.68335636535346,9,5
60.37941412755373,61.04448799311001,5,6
66.34761610816065,68.34228217985299,7,8
81.55893822665539,75.33924777687116,-1,5
59.776023683964866,59.41701188413822,3,7
69.60289726433996,78.01505074158854,1,-8
63.1770852464542,61.50914354665554,3,7
72.61924224879726,68.52409502092428,8,11
71.68878797693026,70.82948923004142,3,6
64.90636287753915,70.26380380509192,-1,-6
68.38324275203945,67.9875982770169,-7,-9
67.08292721525314,56.359597360029284,-1,-7
74.89495431762504,67.64637820245883,-2,-5
70.0473741741236,62.64051439655486,0,-3
67.51866643120138,69.80809003085312,-4,-6
67.06213573041862,65.55424653994089,-2,-3
63.20922294028921,59.38782320309684,1,-3
66.86412417102656,67.67556688350055,-5,-7
62.72930484014478,66.44542718668416,-3,0
79.50214948847747,91.84515497180473,5,14
72.13307187976633,66.38931084908666,0,-4
53.24655763464597,51.82291115664293,5,4
66.23563722396386,67.74740807386229,2,-2
60.309353103068474,60.75938425614987,7,4
63.33515059684552,61.592187540810755,3,-5
57.84501839632355,60.88960280859504,-7,-5
64.34344477739424,61.821174940172796,3,7
58.51286287134545,53.69057746876973,-1,0
52.12708048442876,38.81440740729545,1,8
75.24257567386256,96.29653615655093,0,7
71.60229147345638,76.47287965125588,2,3
71.32923173065058,73.11689756190913,6,8
65.33857443693154,52.35940790055031,-2,8
79.48820504202405,74.30664577389064,-2,2
76.77808293591647,90.57010174118204,6,14
73.40300306141694,75.707395507986,4,9
66.32951541542712,89.86073393550964,-3,6
61.34758778124501,58.87825411574528,-6,-5
58.84211690277854,70.97091058627814,-1,-10
60.235006894067396,67.8281910435303,10,12
60.69831938662688,59.320504061706345,0,0
74.95421814590333,73.37281261782769,-3,0
66.653955324109,62.811124433833925,-6,-3
66.00346837704626,67.98759827701701,-7,-7
69.88844803968055,70.7576480396799,-3,-3
62.37079829939141,55.358445062575925,0,4
64.31708572732191,61.482215890100406,15,15
62.855556067784676,80.0510660665087,-2,2
71.99976966491987,74.29092092112745,1,-1
75.99045130196632,77.13507289863753,3,0
65.4489204054986,64.71918223079479,-8,-8
66.36093244575834,65.90893044277618,1,-6
67.16694704937731,64.91671992463023,6,6
77.4538407043101,81.52139596647953,12,14
76.20970685551312,79.08352218043274,0,0
68.26363399643958,56.21817600379222,-5,-13
65.01615155858086,52.51655410955129,1,-5
78.08080279860899,83.08823368888301,2,5
79.62276537377602,75.13944905855169,-4,-13
59.0699596152528,70.66114021724766,-3,2
66.3710302309114,64.54857219351595,-8,-8
93.55276610746478,97.45257363852022,7,9
66.96895684622177,68.09983095221236,-7,-5
71.61747444312522,66.58458751843659,4,6
71.03192342735122,49.17629687296699,-9,-19
86.9174218666833,107.66636099313428,6,21
69.35173274332828,64.98630009050609,2,1
68.69885711522433,61.02650211586126,1,7
71.52461913001261,73.72749652066344,0,-1
47.47149206619548,56.348394556237054,-3,-2
74.41226889267568,89.39607838196355,2,-7
67.20017972457288,69.04486691206876,-4,-4
72.06558098387808,69.29852094350213,-5,-8
65.79887118083913,68.87651789927531,0,4
73.78961870628166,63.87959587267869,6,13
67.9790751868011,76.55592364540959,2,-1
55.76376059936247,61.31386687730665,0,-1
63.2286540933718,64.18268548688764,6,6
86.62799047316685,122.4594870604551,-6,-23
68.36312793655445,66.69908121811761,0,2
76.14455784271922,93.9193007570725,10,7
59.70742368396493,70.87214173936104,1,15
60.890804571142496,61.6528259273793,5,5
71.46611387093935,74.54683597704593,-11,-17
58.29497896850933,50.93173050989935,-2,-9
86.63549421012692,90.59929042222393,-2,-4
76.19507965125638,78.01505074158831,7,8
82.85049903927461,83.96368948286272,-9,-9
80.84331358575719,77.36179927351395,-6,-4
38.129439601624085,19.634958272132053,-6,-12
84.2074063013294,95.44800801912675,-5,-11
72.23168319872468,77.67383066702996,-4,-6
65.93801738983984,67.7182193928204,3,6
57.84706215004417,57.42138804405204,-8,-10
78.25645683004177,84.99629148584313,8,14
58.77242039930448,58.00505934625082,2,-1
71.27044852054871,72.25716662069249,11,17
56.66511137470309,54.83541214694628,-6,-9
64.37047593047691,74.1382967610981,4,-6
60.467868158986604,62.301555346482445,1,1
64.08303474011518,65.4262890119818,-3,-2
79.87703795765316,88.71816028181888,3,7
79.11742896161991,79.87593398025842,6,8
67.86124251160538,58.24298852491967,4,-4
65.52449928969486,65.15917115227037,1,3
65.33072192761165,65.38363650266183,7,7
64.91991888338526,60.38003372124339,-5,-1
60.29794458790275,55.79391193508036,-6,-11
69.53919376781352,69.76769854601844,-2,-5
74.93485757371752,78.77601283588797,-8,-20
73.64550808005637,66.2613533211279,2,9
69.1086985460193,77.02284022344145,3,0
72.57667187976631,75.48293015759396,-8,-11
62.08659958107086,67.0245764399119,2,1
79.4813653737753,76.54019879264649,-2,-6
64.80263498054899,66.68561738983863,-6,-13
64.21593100315556,64.34877347519546,7,12
65.54918447421062,67.90229325837737,-4,-3
71.76470431452813,58.72336893122963,1,-6
63.85825585591874,71.71840885229938,-6,-5
60.9791620991015,51.37171943137491,0,-6
83.62530803530862,111.3590411080686,2,12
73.05050783962253,68.35348498364547,5,1
75.1823118455844,88.95835048497429,-1,0
81.46069703629371,78.26418272405033,4,2
59.61359253088267,57.295691540579014,-2,-5
63.45658046824872,64.44980334659795,6,11
76.19010533339952,81.84236913930306,-3,1
60.29570910891425,55.726592793689974,-5,-4
71.29164304960936,68.0391925656437,0,3
72.06025332732162,78.93089802040208,-3,-7
79.24618648957897,78.65925811172073,-1,0
65.17612040549812,67.04030129267562,-2,-4
65.83324854292243,75.50985781415056,-2,1
69.82299248613413,85.65180397840328,-6,0
59.10079076833517,61.96259629640963,-6,-11
63.09565385293786,62.93682093730786,-7,-8
74.54392292410877,78.7041716455251,0,-9
57.82106086836461,51.00357170026109,-8,-16
75.00068896723394,82.97600101368721,-10,-15
77.37281235501996,70.06400508677126,-6,-4
59.01542192141784,51.046224209579805,-3,-9
65.35002694625098,71.9316713988984,-1,-8
63.52876063412464,74.9149837081606,-3,5
69.5027937678135,74.8296786895203,-4,1
62.119366905875154,59.43047571241709,-6,-10
67.54151613672838,68.15594728981057,-4,-3
71.73376662069313,75.66474299866627,-7,-8
66.33659627403634,67.56333420830481,2,3
53.55811388092616,54.38422042167838,-2,-3
53.46561294775927,46.94048282972801,-3,-9
69.8807968120401,89.69238492271529,-4,-14
75.06293296138807,58.736832759507706,2,9
66.36610409646858,54.12604434127417,-5,-1
70.20204956179396,67.9134960621708,-2,-10
79.24319652685813,82.21051687041734,-3,-5
57.045331449260914,46.76319203762648,2,6
52.60927220969691,32.50430168972855,-1,-6
79.9025839262203,97.98238962760615,5,16
77.69746334222646,88.63285526318077,12,23
61.6865880216788,49.7577071506812,3,6
67.95528370196666,68.32655732708915,-1,-1
60.19184656231596,61.693217412213585,-8,0
72.74454878955038,70.14931010541076,-3,0
75.19122818318205,91.27720852236894,1,8
61.9798704024015,67.60598671762477,-7,-12
63.16594907473211,61.76279757808953,-2,-3
53.04417594665688,54.328104084080564,-5,-5
63.540631455454516,64.89205329255992,0,8
68.97136085218426,70.80030054899953,1,-6
70.60286963635161,62.5552093779155,-2,-9
71.82892567076578,69.13243295519351,-3,-8
55.46983678784454,48.38614609762794,-6,-15
68.98370834286432,71.73413370506293,0,2
69.07965455186543,79.40007562291908,1,8
59.3512533149343,60.19595985568617,-9,-12
65.07790908654005,64.56655807076538,-2,-7
72.96351635478811,74.74663469536631,-2,-1
57.39399832176588,48.01799836651378,3,9
70.51539577079456,54.00034783780097,1,6
67.72802115536786,64.02780030237199,-4,-5
63.919033218001914,59.36089554654069,2,-1
67.14009173626484,72.23023896413616,0,-1
58.43789530610718,61.63710107461566,10,10
76.00904126468788,76.04409353357255,7,13
58.07341140327139,61.805450087409554,-11,-10
58.38345131195291,57.91975432761129,2,-1
61.30547144364709,61.140995815542055,-6,-17
69.73344779924696,65.05814128086763,-2,-10
68.96988850874004,66.10420711212657,-7,-10
66.33357643991229,59.00621164370477,-1,-6
58.320051311952824,65.04693847707472,0,-3
86.67734800112598,82.94681233264541,3,3
73.73480330185077,76.5559236454099,-5,-3
79.34402311360054,84.46205576642183,9,12
88.93657184121163,103.90636173680906,0,5
79.29840632370326,79.62227994882551,-8,-6
76.59228573970944,76.93527418031681,-5,-4
71.63243896413694,90.47359391875057,1,9
62.27698826211265,54.438075734790345,0,-5
71.01326136161993,74.87233119884041,4,2
87.8352110285922,106.07033458968931,-6,-14
57.893165887003875,59.39008422758218,-6,-7
74.21344753643885,60.220626487756704,2,-6
73.49959174245866,75.18436259235636,2,8
70.09878421140223,80.37430026381844,2,11
62.104555586916604,59.47312822173626,-2,-13
67.47710609944966,65.15691012778538,2,1
67.45377844289328,73.07650607707504,2,3
72.80751611435434,74.56256082980985,1,8
48.92055509366162,50.92052770610712,-6,-8
54.24165333730832,52.30555258743857,4,6
73.07442265510736,80.24634273585798,-6,-12
87.23668593539469,106.36664113044253,-2,-11
62.2240181335156,62.74154426795792,1,2
64.51809880882718,61.42383852801677,7,1
67.81906234572921,69.62853821426694,5,5
60.765282281737996,75.28087041478835,8,3
62.183785458319676,61.24428671143056,3,2
62.165522911721226,61.00183548378982,0,-9
70.46745807695947,68.48144251160466,7,6
76.5621236454108,85.6787316349596,9,16
54.4140533373083,55.04867469354505,-2,-2
78.17216184868124,84.55856358885364,0,-3
58.27862015887057,58.62686110879781,1,-3
61.74647168408126,66.93927142127245,-3,-13
71.58390559620773,70.27500660888472,-9,-11
78.15103267001174,80.40348894485868,-1,1
75.65586961397753,69.78342339878233,3,2
59.65426487432626,59.53150558381941,-2,1
72.80508343915864,75.39762513895485,-1,3
61.21742592737962,56.01169653064994,7,10
73.69761462080908,71.28068095530955,-5,-2
69.09164603669952,70.58703800240113,0,1
58.878275712416894,56.263089537597864,0,-2
79.31577517062078,76.10247089565581,-1,3
70.71744128706217,63.72697171264832,4,-2
83.4638513367285,80.15651566824778,0,0
61.01967843669945,61.935668639853816,2,3
55.65729933444334,54.6513382813896,-3,-10
50.85333926549936,49.236935259537404,-3,-11
70.25201536448469,70.02361360193731,-9,-13
67.62088346153291,67.71821939282017,-8,-8
66.40078647719122,56.63123726871197,-1,-6
63.060513595744055,69.4040728638754,5,13
75.53409072978069,68.42532617400616,2,12
57.07815560929103,65.22875131814641,1,4
76.19601886720486,84.56082461333904,0,7
59.3960023277276,60.54838273403686,1,1
74.71926913310949,75.90493320182054,3,3
74.86678394859427,73.02038973947649,2,3
70.20946939591767,64.29491816208292,-3,-8
73.20417038622105,68.76428522407963,-4,-2
63.5883804682486,70.10665759609128,0,7
65.43642694625117,74.01033923313753,3,-1
70.55114197979519,75.2000874451198,0,3
72.7895686236742,74.33583445493264,-4,-10
70.45349075215506,65.04467745258938,-1,-5
69.75142516132973,77.13733392312298,4,0
64.95783650266264,69.87993122121361,3,9
69.53986739293714,69.51404451458586,6,7
74.06188696425292,73.5030311702726,3,-7
68.38696888648212,57.38099655921798,-4,-1
71.73827011721909,65.63955155857988,-4,-1
61.80590155548384,63.307229692907356,-2,-2
78.47190629513534,86.20176455058913,9,15
68.70763447730758,53.98462298503728,-7,-17
56.10184858767104,54.720918447265376,-8,-9
63.660087009001074,64.29491816208304,-3,-2
63.98676938972426,64.42513671452804,7,3
71.80510431452814,81.19363972019971,5,-1
77.19850733638037,78.23725506749395,4,6
73.8636884863661,77.13507289863696,2,6
55.02136292228772,46.71601747933619,5,9
70.5369206235581,73.36160981403458,4,1
66.59644179030369,61.013038287583385,3,0
77.47887466118483,88.84385678529293,0,6
64.94627769302349,65.58343522098261,-4,-1
83.41151059866706,78.34948774268958,10,10
69.02681183939046,79.22946558564081,5,16
60.2665332689445,42.246650417339424,2,7
60.39974178411012,58.766021440549366,-5,-9
68.48592945866778,69.90911990225572,1,-3
84.77701938283434,101.79624419704248,-3,-10
73.63052943629327,74.20787692697326,-6,-5
83.99547840433843,90.54091306014129,-12,-18
74.41939654923237,69.96297521536837,-2,3
78.77964727363053,77.38872693007033,4,6
70.10859681204022,66.17378727800292,-8,-15
72.84685533030282,68.64979152439832,2,4
51.54470288191186,56.559396078350574,4,5
80.0376196456424,77.17546438347159,-1,-3
61.80889432199808,91.02129346645054,-1,2
50.64256166298276,44.242274257425834,-8,-14
61.58015382436986,53.378546075254235,-4,-6
74.43756539614998,81.23403120503406,1,6
64.51982366159075,62.586659083442555,8,13
76.75792693007084,69.75197369325537,2,-2
64.54592715811685,66.8292997705621,-3,-1
71.97207316144592,68.6071390150785,0,-1
77.12993848946309,80.80976713632208,3,8
60.92348823354439,57.82098548069382,7,10
72.34930607707533,74.30664577389086,1,0
60.79867947794514,58.12849482523768,-5,8
68.0535915243986,48.992223007412235,-2,6
78.39882439528003,94.502972059272,-3,-18
83.0490663640785,87.82471861058957,11,16
73.09800829192216,68.56900855472918,-6,-12
70.7244384832692,70.80030054899979,1,0
81.80093542286215,89.39833940645008,-8,-15
66.40955660578828,68.9326342368729,-4,-4
79.89108195180711,77.50095960526636,-3,4
71.78408448040409,73.59953899270448,-2,-4
61.22463596465863,60.88960280859473,3,1
78.44365554836236,83.88064548870847,-4,3
63.82138770173458,65.17715702951978,-5,-12
67.89113621128638,64.07045281169144,-6,-4
65.62554352428288,52.34594407227223,-8,-11
63.42076914929038,65.59689904926066,2,0
49.84189479047768,43.33989080688954,-3,2
70.3066184087113,75.91839703009933,5,2
74.06534951085133,91.08193185301866,0,-8
67.66283375600585,45.440964248714636,8,17
60.3230537958018,66.49034072048903,-5,-11
74.26398498983997,74.51764729600427,7,11
68.63359024271949,67.15253396787057,4,4
70.89938597394945,80.43041660141489,2,5
77.65005658960814,81.3328000519511,-1,-5
64.52279098639515,69.62853821426674,0,1
55.261158836815184,51.85436086216987,-4,-8
76.64832693007088,51.735345113518065,-2,6
77.37532588882544,79.54149697915716,5,8
64.93875003646792,76.2326894481007,8,16
72.15091587392021,77.72994700462823,0,-4
71.27628271785693,74.97110004575711,-4,-7
50.5776993568179,39.29252678911962,8,14
67.92267214257436,67.7900605831818,4,5
47.90160712211366,47.31315260981228,9,13
88.91030673125454,97.7713881054924,-5,-7
61.262291277771254,66.30400583044693,-1,2
80.54523972020064,81.33506107643694,-1,-3
68.61782291791496,67.77433573041856,6,6
63.58528268309516,70.5915600513718,-3,-3
74.13752116156192,66.4431661621984,0,-8
73.61241309869574,73.06304224879665,0,-2
75.66482970529614,64.91445890014415,8,20
67.74038671762503,64.53736938972384,10,11
44.59946341933551,39.4653978508843,-8,-14
76.28198899580138,71.5343349867419,-7,-14
73.42516339316865,68.15368626532484,-4,-3
88.96194373235613,88.17940251342566,5,-1
64.75326765574488,45.25915140764346,2,12
67.1331555645428,61.850363621214655,1,1
72.28707340187977,90.55663791290294,1,11
70.1502153644849,74.70398218604669,-5,-4
62.317914636989386,60.025349818407335,0,-2
74.38174275823286,79.4539309360324,-3,-8
64.11807593047686,68.93489526135897,0,-8
95.48830324092195,110.55316547996358,0,7
55.234648106803206,31.074363274591406,-8,-17
76.2165465237611,80.59876561420901,2,1
58.729315380665184,57.6503754434151,-2,-6
84.13252111681355,90.93824947229598,2,6
68.69487694934821,65.34098399334255,6,-2
71.52337513585911,81.2116255974488,4,8
73.51066841180818,73.244855089868,-2,-3
66.49939779614965,70.65887919276224,-1,0
74.23498370816026,73.86891787690092,-3,-3
73.13548800549847,74.75783749915888,6,6
66.20505006503583,73.67138018306582,-1,7
70.51043824283562,82.354199251139,2,11
72.84645661198209,67.65758100625143,-2,2
83.06615854164681,97.33139918401776,6,14
62.53458850254631,64.93244477739358,1,-1
62.392818133515675,63.91556762717602,3,5
76.57071689279176,80.00389150821783,2,1
56.21877039620813,60.169032199129106,15,26
61.22601893432744,59.64147723452936,-5,-7
57.80423975256076,55.261937240143766,5,5
71.44219905545505,70.54438549308145,0,6
77.68347490161881,79.11497188595933,-3,-4
56.88077392130195,60.05453849944922,1,8
67.91864251160509,90.78336428778152,0,13
71.45016357646682,85.57996278804148,-5,-15
66.85399803658345,68.24125230844987,-2,-3
66.71631845965362,70.51293578755394,9,6
74.76156411447033,73.62872767374563,-5,-10
72.11712719287885,76.44142994572843,-2,-5
59.17461212457266,54.878064656266304,-2,0
50.10631895050744,31.274161992912695,-4,-15
26.079202484347206,-24.517693554951165,14,30
71.15074502402172,71.46475482086657,8,11
60.644981452358024,56.745730968393445,11,16
66.31347142127285,69.7250460366987,3,4
64.12502318072325,56.6716287535462,12,19
71.9056731614457,72.87896838323968,2,-3
64.51205329255993,75.34150880135758,6,15
61.71871287444225,64.60694955559944,-2,-2
74.44423749915998,68.98875057447071,2,10
71.90990431452855,75.93412188286243,-3,-9
52.44549204382102,55.0621385218231,-2,-3
60.90497189594663,54.456061612039605,5,4
56.29232968671374,55.800695008536934,-2,-3
70.49142844599027,73.02038973947685,-1,-1
63.925516880404246,62.55747040240061,-4,-3
85.6539871885067,93.39852886592871,3,8
68.16988522407978,66.34665833976672,0,1
52.71307944318315,54.06098622436943,0,-2
74.35672140199557,76.39877743640909,-1,6
60.17393046515156,71.18417313287688,-3,3
68.31042139580205,67.43537668034574,-5,2
61.02051015015991,58.608875231548154,-16,-20
64.03997091183733,65.73832040549797,0,0
76.25106005756618,79.31477060428006,-7,-10
73.59095079253086,73.58607516442629,4,3
70.4217432614746,70.17849878645234,-2,-4
71.60975658341385,76.65469249232785,9,4
60.03739405299552,62.83805209038985,-5,-7
68.78267566766863,59.3317068654988,-2,5
72.32064072668392,68.28390481776955,1,0
59.83208470845034,62.54400657412225,-7,-14
74.78930880135783,77.98586206054665,5,6
69.61286763337074,70.60276285516454,-3,-2
75.19431032347097,78.80520151692872,-8,-12
67.43294576769762,72.75327187976615,0,2
59.05177944937702,52.77246916547,-8,-5
75.0437118455846,76.96672388584375,-3,-6
70.2739942486811,83.31722108824496,4,-1
68.53611789927595,70.2054264430094,12,16
63.689684205208394,71.52539320743483,0,-7
55.095488816298314,40.069213736182064,-3,-17
67.18858823973846,62.89642945247306,-1,3
54.807445062576335,57.38099655921815,6,5
71.60051411137351,70.05054125849324,6,7
53.41352343733752,52.71635282787224,14,19
61.629132708566104,62.35993270856582,1,1
67.42006362740884,68.16941111808859,1,0
74.04982618020142,76.82304150512095,-2,0
56.185498293197554,51.30213926549882,-2,1
75.20867917038885,96.14391199652118,-3,-12
67.46823223389254,63.40373751533906,3,1
83.76997490781264,72.63651715559911,-1,6
59.11825435617969,50.42216142254824,0,13
73.20879022034529,65.25793999918798,-5,0
75.66484825774015,56.77265862494926,3,0
94.86672958723034,109.2399817889941,-17,-26
70.41045959907265,71.13925959907212,0,0
69.68671010541175,73.16181109571471,-6,-13
66.30889277751024,67.78779955869646,3,1
72.94828648338523,73.69830783962152,7,13
76.72561211458623,77.7276859801425,-3,-6
76.31704302723472,64.37796215623734,-7,-4
66.41488145855169,66.82703874607665,-1,-3
75.8111347239352,64.44980334659886,-8,-21
49.764445084950694,61.084879477944696,9,9
68.02089654303842,69.48485583354415,4,1
67.60000260292327,49.825026292071925,5,13
66.87577668034623,70.74418421140183,-2,-2
63.70319902069315,70.02587462642242,-3,-1
56.84853273094075,54.821948318668206,-4,-6
55.87327845907369,53.45038726561481,1,1
81.48499049554135,101.21709494381662,-1,-13
61.076849846976074,57.15200915985588,-9,-15
77.35455004885523,69.5678998276976,-4,-7
86.87103622986814,91.73960305142995,2,-1
63.89340030237213,64.18268548688775,-11,-16
72.28204200836308,75.60862666106834,7,8
66.48439779614961,63.163547312184505,5,6
67.94820003956443,63.787610099217034,-1,-4
59.64446487432622,56.40677191832057,-4,0
69.2141907235872,70.61848770792767,6,7
76.75820055519421,80.92426083600185,-10,-22
73.27978170517935,72.55347316144511,4,2
81.94490859568572,84.40141737985266,3,2
66.35046162442774,66.57112369015829,2,5
68.82467566766854,69.69811838014289,6,8
69.71113017996942,42.16360642318625,2,-7
84.79470152312297,82.06909551418016,-6,-19
78.95897212639409,81.03875453568435,-7,-6
66.4994814585517,64.09738046824822,1,-2
57.57735584972494,54.12830536575933,2,-5
75.18780554526538,77.46282914491695,-1,-3
66.97004902378978,66.898879936438,-4,-2
80.11333446112707,78.29337140509142,-2,-8
61.25869127777139,63.390273687060926,-5,-6
64.62689728671387,57.565070424774945,10,6
75.31190204873957,76.20123974257419,4,2
67.66805230845046,48.38614609762783,1,-5
75.89047265820409,75.67820682694429,-1,-1
46.950406400812426,37.397932820436836,12,18
54.04325309687448,53.09570336277875,3,4
73.33324553345761,75.50759678966526,3,3
66.59508426234459,61.21057598141829,6,14
73.03676034894198,63.417201343617535,4,10
68.1073377333999,70.54664651756664,1,2
73.55935207421044,74.24826841180766,6,10
67.29845359012972,71.6196400053822,-1,2
67.11339955869659,65.45547769302323,-5,-4
75.78757743640972,74.64560482396351,-2,0
61.3264161305346,56.604309612155475,2,2
49.8745146246016,43.568878206251384,-6,-12
64.06842342115709,62.86724077143168,1,-1
75.52646937354416,84.80101481649422,8,14
61.70550259672939,42.12095391386629,-5,-12
65.66966813661281,77.53240931079318,-6,-2
86.15057192072203,85.6158322239055,-3,-2
68.83482468046213,68.96182291791445,-4,-8
70.94417465499129,83.95248667906958,-4,-4
53.72748657288321,49.95298382003102,-13,-14
74.83152164242934,75.83535303594522,2,0
73.91439174245852,92.69142208474113,-10,-20
70.73591210839248,77.27649425487414,-3,-8
55.861996078350955,57.96014581244572,3,2
75.67781862677094,75.0002887267994,3,5
62.48852315215504,45.40509481285051,-3,8
59.58426743768575,53.5603589163245,6,11
84.81190456734976,90.43988318873744,-2,-7
82.91929903927507,78.34948774269014,15,20
79.36494401753828,80.980377173601,-4,0
57.81638724324115,51.31560309377687,0,6
70.06214302104104,71.3367972929068,5,10
58.86497896850892,54.779295809348696,12,15
75.3492362174809,70.27726763336932,-12,-17
63.38247392749554,62.627050568275536,11,20
68.02252921823413,63.50250636225712,-2,4
66.55204026819035,66.9527352495503,6,2
62.29721789308144,60.19595985568685,10,14
75.89790381128637,65.08732996190975,4,12
71.80189579936246,74.32010960216877,6,5
70.41649926732055,81.70546983203647,-6,-1
66.58963047134557,85.88973315707278,-7,3
60.56206791855311,57.35180787817694,6,9
69.50159376781346,82.52480928841851,6,11
63.51378046824857,62.923357109029666,4,3
71.50606160205359,73.0630422487967,9,10
82.2690761609241,80.30245907345557,-6,-12
70.34492038312465,67.5206816989853,5,4
71.2555239082183,69.90911990225604,3,-1
68.03095033403756,69.07405559311019,1,0
64.56493148402325,63.68658022781392,3,-7
68.15210658031734,73.95422289554011,0,-5
76.31721187415262,77.13281187415146,0,8
71.87755530173473,74.06871659522108,1,5
74.35139374543934,80.74244799493135,5,7
66.65830281478901,67.01111261163376,-1,0
68.63002444002848,66.91008274023079,-1,-3
72.87506384546862,75.08559374543898,-3,-1
62.015522671287556,46.363594600984015,5,16
71.2761877364967,68.02798976185127,4,2
62.00731439655556,59.47312822173632,-3,-3
70.18573322419599,68.83386538995549,-4,-1
64.9149330061365,56.95221044153527,8,15
67.58049325837789,56.30574204691675,-1,-11
63.738431695888664,70.23687614853543,5,8
62.47957566147471,70.56237137032986,-4,-7
61.72060785580288,54.339306887874045,-8,-16
62.57529199907265,56.26535056208286,-2,0
84.35629148584474,87.96613996682731,4,12
69.06214953322569,76.34492212329701,5,4
78.29733069559865,78.80294049244344,5,6
70.51885959907293,74.3492982832106,8,7
84.83896839562811,74.74211264639439,-1,-9
76.90201910763881,83.62699145727493,7,15
75.4799658770176,74.928447536438,-1,-2
63.80643169588882,57.79179679965182,5,8
83.78802437290574,94.41766704063116,4,10
77.26848469846391,74.81621486124243,-2,-4
56.86817392130172,52.39085760607793,3,6
66.17159627403645,64.07045281169167,0,-2
70.00725935863898,69.78116237429697,7,8
71.01793650885656,68.02572873736574,-5,-8
65.3070550551073,66.97072112679939,-4,-15
75.00855431762511,70.09093274332758,-4,-8
79.8530096083637,78.64579428344257,1,-3
74.58217238920236,58.792949097105776,-7,-1
70.52767091803094,64.25226565276307,-6,-11
58.730023203097176,60.75938425615004,9,8
73.12927388274716,94.72969843414774,-3,-8
79.95893446112711,84.57202741713172,6,10
79.18708018925997,88.3769402072611,-1,-7
54.68408473082445,47.72395285024652,-2,-6
65.1677615958597,70.58929902688664,-1,5
59.41552974385013,59.033139300260245,4,8
63.42326413065098,57.93095713140474,-4,-14
70.89584000538235,69.52750834286377,-2,2
71.44931258926033,70.12238244885486,-3,-4
56.16163726871241,41.301614457482856,-6,-18
61.85506036512271,66.21870081180748,-5,-10
62.35931463698927,63.574347552618605,2,3
61.021828731172434,59.457403368972564,4,8
47.8883247413909,48.20207223207046,3,4
69.62576109261761,68.12901963325385,-10,-13
67.18656840561437,80.60102663869355,-8,-3
69.36830858329824,70.2211512957723,-7,-9
74.80113143927508,81.35078592919979,1,-10
84.99747341426757,93.67911055391838,3,0
85.29850875660941,106.60909235808276,11,22
70.5290354390425,70.236876148536,-3,-4
76.77970405172016,77.33261059247229,11,10
76.68660055519422,95.23474547252829,-6,-2
54.09366289371974,44.03127273531311,4,-5
67.17943071177952,59.30251818445652,0,-9
66.74190409646837,69.46913098078176,-9,-22
62.726104840144345,58.35522120011558,1,-6
71.02949251470244,84.16348820118347,-3,3
71.65244329004281,74.85660634607655,3,9
55.74979175244485,55.248473411865575,3,4
54.85618822735063,54.330365108565246,-3,3
72.49577994263262,72.22797793965088,4,3
67.33515428286297,59.277851552386664,1,9
61.693324193400656,63.771885246453394,-4,-1
60.57483524335714,51.3425307503328,8,14
76.21254219785487,83.60232482520462,4,9
66.1074698991597,68.78001007684261,2,-1
79.02612113918718,89.58015224752103,-5,-8
67.4152947804912,64.71918223079479,2,2
79.7006987417048,90.58582659394528,-4,-9
75.42069225189402,75.22701510167599,-3,-9
64.71424934373398,77.30342191143029,0,-6
71.8791905402893,65.01322774706296,15,21
59.8679088684803,53.71750512532637,-6,2
54.69121366906029,54.11258051299524,-8,-14
77.54989473574267,78.31135728234062,-6,-11
70.33060532720617,84.61467992645203,7,21
66.77591285206812,67.98759827701704,1,1
75.56443122740848,77.89603499293628,-1,-6
71.0647862143831,71.36598597394905,-1,0
77.49627337950528,106.8762102177925,8,19
71.27545156477458,71.23802844598958,-7,-7
71.79466032037394,72.41431282969336,1,0
69.68958397096839,72.36939929588846,5,11
67.25338823973857,88.28043238482883,-3,-12
49.36485335968251,43.26804961652783,5,9
94.24084872862113,103.04210874662215,-2,-6
64.12450660269155,73.3750736423126,15,16
63.45653647409428,66.13565681765382,0,2
73.04764401134433,71.46475482086655,2,1
75.72723974257428,75.86228069250137,-12,-16
68.34564275203923,66.92580759299403,1,2
73.28202569933353,69.62401616529613,-2,3
71.5045578650936,71.97206288373206,-7,-7
50.511519190941726,46.81704735073845,-9,-12
73.87548544213917,78.55154748549637,-10,-6
64.63321514642524,68.02798976185102,5,10
65.16976063412449,57.32261919713437,13,25
83.70118598633724,80.06000784581556,-4,-13
80.40446083600364,81.90074650138672,-8,-11
88.95525155478822,80.03081916477421,0,3
68.72022315834899,66.21870081180776,1,-2
68.61330962454349,70.12012142436924,8,10
62.34026212766953,59.176821680983664,1,4
76.83904326766898,85.732586948071,2,14
66.61689125539722,61.59444856529558,0,-9
60.087677474964494,59.20374933754033,-8,-12
49.2916772792787,48.469190091781456,-7,-7
66.4503849550781,93.4860949090546,-4,-18
56.46322619018764,57.15653120882678,-1,-1
71.59715810552736,72.70835834596068,0,-1
64.57363498054929,69.0471279365538,4,8
83.42290779487428,87.03456783524894,5,10
59.22499076833526,60.478802568160745,6,12
59.462202327727596,55.31579255325596,-5,-7
73.41542009174805,80.43493865038613,-8,-11
70.91576766193873,72.16960057756768,-2,1
70.274544543154,71.40637745878306,0,-1
65.28673895794304,67.72048041730591,-7,-10
71.27979905545507,66.95273524955067,2,2
64.940300330941,66.38704982460104,-10,-10
65.53278599632365,67.17946162442706,1,4
52.59933323418221,52.95654303102708,-3,-4
63.90789552416709,61.70894226497762,-8,-13
74.01708848636622,73.88238170517911,6,14
70.7254271643107,72.79592438908571,1,-1
65.74788097768419,51.5804599290027,-5,-11
64.328027747063,67.2759694468593,-1,3
67.07436968729371,74.7443736708808,-8,-5
65.16242822793083,62.05910411884247,7,10
72.52622241467334,69.9787000681315,1,-4
70.26042820555642,73.03385356775493,6,4
69.2991199022564,69.72504603669893,-3,-4
58.09176612743772,58.62686110879761,1,-1
65.76624982460191,67.63065334969565,2,10
83.12102413247214,84.23532939154484,5,8
68.83741312107054,69.1885492927911,-7,-8
65.11803674309624,48.23126091311178,-2,-8
59.156834762489495,54.28319055027518,-4,0
73.2082653675817,77.799527170504,-8,-13
68.30102291791506,71.84636638025887,0,-4
72.28686488671393,73.0046648867135,2,2
74.6870789299548,75.9902382204607,-4,-7
88.43778596396332,82.78966612364448,1,0
65.29936287753924,61.76279757808902,5,13
56.629744049898775,59.12070534338585,0,-2
67.50346210529551,67.19518647719087,-10,-11
63.383578946135174,61.0579518213882,-1,-7
63.2713264368153,59.64373825901515,0,1
61.28453246813241,64.83367593047626,0,0
60.40283548379125,60.25207619328398,-1,-2
73.68169804277738,68.91917040859471,8,11
62.201642053111414,68.05491741840689,-9,-4
75.70017743640938,80.88160832668268,8,13
59.38608574969544,54.325843059594035,8,15
65.60593172445692,61.80545008740978,10,18
54.326758355947504,49.19428275021744,2,6
61.455765143328335,36.845711223765875,-2,-11
66.18885705808782,69.04938896103931,3,8
55.02552463950636,57.65489749238577,3,6
74.42106737056241,77.44710429215363,3,0
66.846579484139,63.75616039368998,-5,-4
60.75513070558543,75.2719286354812,-4,2
78.53522567695927,89.71931257927292,-7,-6
71.91734550488978,71.72066987678511,2,-3
69.74658549308174,67.65984203073725,2,2
70.90398597394926,69.08978044587411,2,9
64.77285633678645,65.96504678037442,4,2
67.14341087765541,63.700044056092224,5,4
66.57159779614955,65.97851060865278,-3,-1
68.05963399643997,55.49760539432714,5,16
75.64173624604837,74.24826841180754,7,10
74.03436235192322,78.05544222642266,-1,-7
72.89126080124169,101.37876320178611,3,14
76.89347313907149,78.09809473574182,9,16
71.61122041169233,73.61300282098273,12,15
58.02437720596254,56.53246842179328,8,19
82.3309726643975,84.31611236121296,3,2
56.78860787817689,51.59618478176628,-11,-6
28.740353420610973,10.161988428717905,-14,-20
75.11005082109915,72.32448576208276,1,6
65.72914200216957,68.1290196332543,-1,-3
81.06406131687126,76.52673496436847,0,-1
68.5177505744715,63.614739037453774,8,20
78.70032089875394,70.20542644300917,-6,-14
60.62586535519392,43.07277294717804,-6,-1
80.63498873299397,80.49999676729067,-1,-8
66.01096335840691,63.603536233659725,-7,-13
69.98035153620674,74.73317086708823,-4,-6
66.4921337274377,65.41282518370326,11,19
70.16062820555624,63.6282028657306,0,5
68.71513797383335,72.48389299556948,-2,-3
81.74420205493345,74.74437367088089,4,-1
57.81565235319886,48.583683791462136,-1,-9
77.07950581426743,78.69070781724815,3,6
65.391582952097,65.42855003646696,-1,0
85.94509525137232,87.35780203255837,5,5
49.017946338062416,43.607008666600905,-10,-15
68.9594885087406,67.90003223389226,-7,-7
66.66226162442806,62.638253372069585,2,-5
68.93715933007059,75.28539246375908,-8,-11
84.68903465061817,119.13721570112057,11,24
77.40079532468883,76.26855888396412,-4,1
67.62046362740864,60.95692194998537,-5,-14
84.96036278804263,107.85495690766174,7,14
82.46645352300732,79.56842463571331,-6,-2
66.50861763027353,66.43196335840634,6,5
69.33980356465835,60.1218576408387,1,13
79.67015557693014,71.54779881502066,-1,1
62.02020937791622,60.13758249360285,-7,-8
62.76085104914523,78.59419999481548,0,-3
78.21870781724877,102.51907583099137,2,13
69.77091162752481,72.66570583664108,5,0
68.80835081490534,71.16844828011415,3,6
73.427939233139,65.78097291481765,1,-1
68.73393797383358,71.45129099258781,-2,-8
77.77270058376234,68.19407775015907,5,12
57.982436708334035,66.95951832300648,7,16
81.08340029238605,83.29923521099579,-4,-4
69.51033274332838,72.53774830868184,-2,5
71.38144876098198,80.94224671325233,-2,3
65.62816183629332,73.70282988859265,2,5
74.18067868952119,69.42873949594605,-3,-5
69.03384451458624,80.84121684184933,5,0
69.3313696077837,72.62757537629233,-1,-3
82.03535677909986,86.34318590682642,-12,-7
68.25170658031709,69.45792817698828,-6,-7
70.71532366778457,73.2179274333121,0,3
65.35628925241599,66.53073220532406,-1,-6
82.34380229536634,84.71344877336833,7,8
56.71134404989891,57.96014581244532,-2,0
68.25606410827646,75.94984673562621,-1,2
76.31185154240023,80.11838520789956,4,9
73.58062593976743,76.17205106153227,3,0
67.71913749296567,71.88901888957867,4,11
68.98608570494747,71.38171082671249,-2,1
65.67813348700406,62.79539958107068,-4,-6
72.17559953632279,73.5299588268283,0,5
66.15344702080927,58.979283987148165,-9,-4
58.164902299159735,58.59993345224137,2,-3
62.79599853982535,66.8001110895205,-5,-3
61.16819605597675,70.64541536448405,6,13
61.067962099101464,58.04771185557041,-4,-4
69.71822516132994,67.70475556454232,4,7
81.99632842980964,84.19041585773982,-8,-9
68.69020180211152,71.49394350190829,1,5
71.6466814361778,72.71061937044601,6,9
74.85406761099618,72.14493394549629,0,3
74.89507917038868,78.62112765137198,1,3
73.02548800549846,73.25831891814633,4,2
65.33001410517943,66.94153244575796,6,7
48.536084031897076,50.7768453253841,10,8
71.28263020853768,72.04390407409409,-3,-4
67.25087342425377,80.45960528245632,2,-7
52.54983953450133,52.23371139707689,-1,-3
61.31927995881273,61.2981420245431,-5,-2
45.470780237801165,49.930578212445454,-2,2
74.24224449221208,78.65031633241347,6,9
82.85314978604742,82.23970555146025,14,29
72.90103549617864,74.75783749915911,1,-2
72.34228472083839,70.10665759609094,-1,-1
82.87071163991237,77.7523526122136,5,12
55.79976340315517,60.222887512242664,5,6
68.63905431143132,61.29814202454307,-2,2
72.53325228607629,63.971683964774144,0,-1
61.87071415612206,59.30251818445731,6,9
64.82275131814743,60.94345812170741,6,15
68.09466538995599,66.28828097768383,-3,-1
80.20060680457073,82.17012538558276,-6,-4
58.6988628713454,58.24524954940591,-1,-6
75.88269529612069,71.74533650885581,-3,-3
69.68609750477384,67.9606706204608,-4,-1
88.3161173289111,92.32327435362868,12,18
65.73091084908731,66.8270387460766,-2,-7
70.20608923004204,63.843726436814734,4,0
63.552854333805584,62.52828172135938,-1,-1
56.2006910597116,23.706988921972652,1,16
67.79771613672875,46.29175341062478,2,-11
61.262111111895024,59.87046463389203,-4,-3
62.7620850060203,69.72504603669915,2,10
68.89672817698823,74.36502313597413,-1,-2
74.52907041478926,81.58871510786977,5,3
70.20206939591776,71.8037138709388,-3,-1
78.26623419212501,81.68974497927275,4,6
65.35485809933338,63.65965257125782,0,-1
68.97594953322583,60.617962899913095,1,6
93.46966960399106,94.76782889449657,4,5
61.01413350937838,43.75963282663082,5,-2
70.81592214567124,81.35078592920092,3,-4
69.96113017996925,74.45032815461366,6,8
61.93672291172116,48.92490386602083,0,-7
57.14644930897214,61.00183548379027,5,7
67.38054857149046,69.9921638964102,3,5
55.82807950031929,59.118444318900174,-8,-6
64.3900859677556,76.31799446674017,2,10
62.34783225626677,64.60468853111354,0,-2
69.09907871189517,62.440715678234255,4,7
80.25364100187988,75.42229177102575,-1,-3
62.11469175863874,47.38273277568803,-1,2
72.54099126159093,75.52332164242901,-2,2
60.44854901759594,80.33616980346824,0,-6
69.04041488361679,64.59122470283589,-1,1
63.51775734946341,58.10156716868232,12,20
59.86298401571685,55.95105814408157,-7,-8
65.1245729148182,65.34324501782771,-1,-4
62.2870917586384,62.30155534648202,1,9
74.59388021163426,65.80563954688864,2,11
67.01881787070744,69.99668594538093,5,7
92.06291682566962,101.20363111553775,-11,-18
77.60851737365977,92.392854519504,4,13
57.70458700280733,54.072189028161574,-11,-13
68.90754101805996,70.53092166480315,0,-5
66.27380478920202,73.5614085323555,-3,1
65.88742870879838,62.653978224833224,-3,4
58.604452834066365,56.05208801548429,-7,-9
74.42083493580083,80.17902359446748,4,13
71.12738749606262,76.52673496436807,7,5
48.652410406774266,55.782709131288215,2,-2
65.16108925241593,62.76847192451419,3,2
72.7190849612719,69.08978044587346,2,1
51.53405736564457,50.83296166298146,-1,-12
77.72347490161866,95.13823765009602,-5,-19
59.33236113736632,53.930767671924286,2,11
76.84174676419502,71.37944980222676,7,1
75.32810204873935,78.45051761409331,0,-7
59.268064633892436,63.10743097458658,-7,-12
59.73790734636725,62.966009618349176,-5,-8
66.12074785018893,48.84854062668853,4,-2
74.0656970015315,69.62853821426734,1,11
62.21119958107093,57.15200915985628,2,5
55.0150352657314,56.983660147062096,-3,-5
75.96380007432674,73.4985091213008,8,11
67.05275404242968,70.98663543904206,6,7
61.120638768451585,59.953508628045995,2,3
72.52635730471548,73.67364120755087,-6,-1
67.15932721525309,68.09756992772725,-1,1
71.14145004266129,80.27553141689975,0,4
